Albo, Albin, Alvin, Armin
Virve, Virvi, Virge, Virgi, Virma, Virme
Egle, Haili, Halliki, Helliki
Eimar, Elmar, Elmer, Elmet, Elmo, Almar
Laila, Laili, Leila, Leili
Tarmo, Tarmu
Rudolf, Ruudi, Ruut, Ralf, Rolf, Raul
Viilup, Viilo, Vilbo, Lepo
Edvin, Heido, Heivo
Helda, Helde, Heldi
Ain, Ainar, Aigar, Innar, Inno
Rego, Reio
Ernst, Ernits, Erni, Erno
Matilde, Malde, Maldi, Milda, Milde, Meta, Tilde
Valev, Valvo, Valvik
Herbert, Herbi, Heero
Gertrud, Gerda, Kertu, Kert, Kärdi, Kerli, Truude, Truuta, Ruuta, Ruta
Eduard, Edi, Eedi, Eedo, Eedu
Joosep, Joosu
Malviine, Malvi, Malve
Pent, Pendo, Küllo, Külvo
Viktor, Viktoria
Aksel, Ailo
Albina, Albi, Albe
Maria, Marie, Maarja, Marja, Marje, Marjo, Marju, Mari, Marili, Marika, Maari, Maarika, Manni
Immo, Imand, Imant
Leida, Leidi, Leia, Laide, Laidi
Armas, Armo, Arm, Kallis
Joonas, Joakim, Kimmo
Pille, Sibülle
Irmgard, Irma, Irmi, Hermi, Härmi